212(925)716-4112,Salad
93(385)393-5539,Steak
7(857)174-1033,Steak
359(894)202-6391,Pasta
7(962)759-6857,Burger
30(373)403-6476,Burger
86(213)376-6422,Tacos
54(395)533-7194,Pizza
86(745)510-7701,Soup
389(837)452-1518,Steak
86(546)626-5663,Pizza
420(298)836-2739,Steak
62(442)817-9559,Pasta
380(908)703-5752,Burger
57(699)660-7098,Pizza
233(211)842-4863,Pizza
355(132)530-4210,Chicken
1(313)422-7564,Fish
46(286)512-9039,Tacos
54(770)562-7585,Chicken
351(864)181-3169,Soup
48(818)399-4847,Burger
385(785)926-4745,Fish
93(751)750-6440,Soup
63(459)938-0774,Salad
234(684)467-7957,Burger
261(911)212-4386,Burger
242(814)297-4141,Fish
33(591)975-9046,Soup
351(736)495-8876,Salad
56(688)102-5676,Burger
56(165)156-0051,Pizza
62(895)730-7296,Fish
45(480)570-0719,Burger
86(314)166-1021,Soup
34(779)180-1626,Tacos
86(130)517-3862,Pasta
86(715)177-9001,Chicken
86(826)761-1251,Soup