54(641)862-6826,Fish
53(182)476-0873,Soup
63(873)755-8333,Burger
63(914)701-5942,Fish
86(428)384-8064,Pasta
63(303)106-9064,Pizza
1(702)478-6556,Pasta
505(211)221-8589,Pasta
880(863)443-7405,Pasta
31(593)275-9146,Tacos
7(561)805-7226,Burger
86(547)658-5296,Steak
7(215)948-1038,Fish
56(635)215-1995,Chicken
62(748)366-3081,Pasta
62(440)532-6258,Pizza
93(454)506-8734,Steak
850(156)324-2362,Steak
55(469)126-8935,Pizza
57(509)826-5059,Tacos
389(953)128-4668,Tacos
1(513)781-1885,Pizza
62(972)285-3878,Tacos
66(660)277-8790,Burger
7(715)875-5136,Fish
86(635)714-2557,Pizza
86(126)519-0643,Chicken
63(243)163-9513,Pasta
48(173)848-7208,Burger
54(503)443-2297,Burger
62(385)442-9808,Pasta
63(294)728-0893,Salad
62(274)186-5017,Chicken
48(839)178-0708,Soup
7(505)193-3564,Salad
63(263)775-4917,Salad
86(371)927-4417,Steak
389(115)561-2456,Pizza
86(161)814-7475,Sandwich
57(367)557-8113,Salad
62(252)939-9143,Chicken
598(319)505-4479,Fish
62(618)321-5704,Burger
54(108)718-4548,Chicken
86(384)665-6614,Chicken
66(676)911-7436,Soup
33(845)577-5099,Pizza
1(859)288-9581,Pizza
93(325)916-3034,Steak
55(617)940-5369,Sandwich